<?xml version="1.0" encoding="UTF-8"?>
<project-private xmlns="http://www.netbeans.org/ns/project-private/1">
    <editor-bookmarks xmlns="http://www.netbeans.org/ns/editor-bookmarks/2" lastBookmarkId="0"/>
    <open-files xmlns="http://www.netbeans.org/ns/projectui-open-files/2">
        <group>
            <file>file:/C:/Users/admin/Desktop/Sistema%20de%20Eventos%20Marzo2025-20250419T142553Z-001/Sistema%20de%20Eventos%20Marzo2025/Sistema%20de%20Eventos%20Marzo%202025/src/tads/Cola.java</file>
            <file>file:/C:/Users/admin/Desktop/Sistema%20de%20Eventos%20Marzo2025-20250419T142553Z-001/Sistema%20de%20Eventos%20Marzo2025/Sistema%20de%20Eventos%20Marzo%202025/src/sistemaAutogestion/Sistema.java</file>
            <file>file:/C:/Users/admin/Desktop/Sistema%20de%20Eventos%20Marzo2025-20250419T142553Z-001/Sistema%20de%20Eventos%20Marzo2025/Sistema%20de%20Eventos%20Marzo%202025/test/sistemaAutogestion/IObligatorioTest.java</file>
        </group>
    </open-files>
</project-private>
